,cycle,branch,model,modeldate,candidate_inc,candidate_chal,candidate_3rd,evprob_inc,evprob_chal,evprob_3rd,total_ev,timestamp,simulations
538,2020,President,polls-plus,8/28/2020,Trump,Biden,,5e-05,0.0,,0,19:00:03 28 Aug 2020,40000
537,2020,President,polls-plus,8/28/2020,Trump,Biden,,0.0001,0.0,,1,19:00:03 28 Aug 2020,40000
426,2020,President,polls-plus,8/28/2020,Trump,Biden,,0.0,0.0,,2,19:00:03 28 Aug 2020,40000
315,2020,President,polls-plus,8/28/2020,Trump,Biden,,0.0001,5e-05,,3,19:00:03 28 Aug 2020,40000
204,2020,President,polls-plus,8/28/2020,Trump,Biden,,0.000525,0.0,,4,19:00:03 28 Aug 2020,40000
93,2020,President,polls-plus,8/28/2020,Trump,Biden,,0.0001,0.0,,5,19:00:03 28 Aug 2020,40000
43,2020,President,polls-plus,8/28/2020,Trump,Biden,,7.5e-05,0.0,,6,19:00:03 28 Aug 2020,40000
32,2020,President,polls-plus,8/28/2020,Trump,Biden,,0.0,0.0,,7,19:00:03 28 Aug 2020,40000
21,2020,President,polls-plus,8/28/2020,Trump,Biden,,0.00025,0.0,,8,19:00:03 28 Aug 2020,40000
10,2020,President,polls-plus,8/28/2020,Trump,Biden,,0.00025,2.5e-05,,9,19:00:03 28 Aug 2020,40000
536,2020,President,polls-plus,8/28/2020,Trump,Biden,,0.0001,0.0,,10,19:00:03 28 Aug 2020,40000
525,2020,President,polls-plus,8/28/2020,Trump,Biden,,0.0002,0.0,,11,19:00:03 28 Aug 2020,40000
514,2020,President,polls-plus,8/28/2020,Trump,Biden,,2.5e-05,0.0,,12,19:00:03 28 Aug 2020,40000
503,2020,President,polls-plus,8/28/2020,Trump,Biden,,0.000225,0.0,,13,19:00:03 28 Aug 2020,40000
492,2020,President,polls-plus,8/28/2020,Trump,Biden,,7.5e-05,0.0,,14,19:00:03 28 Aug 2020,40000
481,2020,President,polls-plus,8/28/2020,Trump,Biden,,0.0002,0.0,,15,19:00:03 28 Aug 2020,40000
470,2020,President,polls-plus,8/28/2020,Trump,Biden,,0.0004,0.0,,16,19:00:03 28 Aug 2020,40000
459,2020,President,polls-plus,8/28/2020,Trump,Biden,,0.00015,0.0,,17,19:00:03 28 Aug 2020,40000
448,2020,President,polls-plus,8/28/2020,Trump,Biden,,0.00015,2.5e-05,,18,19:00:03 28 Aug 2020,40000
437,2020,President,polls-plus,8/28/2020,Trump,Biden,,0.000275,0.0,,19,19:00:03 28 Aug 2020,40000
425,2020,President,polls-plus,8/28/2020,Trump,Biden,,0.0006,2.5e-05,,20,19:00:03 28 Aug 2020,40000
414,2020,President,polls-plus,8/28/2020,Trump,Biden,,0.0001,0.0,,21,19:00:03 28 Aug 2020,40000
403,2020,President,polls-plus,8/28/2020,Trump,Biden,,0.000175,2.5e-05,,22,19:00:03 28 Aug 2020,40000
392,2020,President,polls-plus,8/28/2020,Trump,Biden,,0.000275,0.0,,23,19:00:03 28 Aug 2020,40000
381,2020,President,polls-plus,8/28/2020,Trump,Biden,,0.0002,0.0,,24,19:00:03 28 Aug 2020,40000
370,2020,President,polls-plus,8/28/2020,Trump,Biden,,0.00045,0.0,,25,19:00:03 28 Aug 2020,40000
359,2020,President,polls-plus,8/28/2020,Trump,Biden,,0.0004,0.0,,26,19:00:03 28 Aug 2020,40000
348,2020,President,polls-plus,8/28/2020,Trump,Biden,,0.0002,5e-05,,27,19:00:03 28 Aug 2020,40000
337,2020,President,polls-plus,8/28/2020,Trump,Biden,,0.00025,0.0,,28,19:00:03 28 Aug 2020,40000
326,2020,President,polls-plus,8/28/2020,Trump,Biden,,0.0008,0.0,,29,19:00:03 28 Aug 2020,40000
314,2020,President,polls-plus,8/28/2020,Trump,Biden,,0.00015,2.5e-05,,30,19:00:03 28 Aug 2020,40000
303,2020,President,polls-plus,8/28/2020,Trump,Biden,,0.0003,2.5e-05,,31,19:00:03 28 Aug 2020,40000
292,2020,President,polls-plus,8/28/2020,Trump,Biden,,0.000825,2.5e-05,,32,19:00:03 28 Aug 2020,40000
281,2020,President,polls-plus,8/28/2020,Trump,Biden,,0.000225,0.0,,33,19:00:03 28 Aug 2020,40000
270,2020,President,polls-plus,8/28/2020,Trump,Biden,,0.0004,0.0,,34,19:00:03 28 Aug 2020,40000
259,2020,President,polls-plus,8/28/2020,Trump,Biden,,0.00065,0.0,,35,19:00:03 28 Aug 2020,40000
248,2020,President,polls-plus,8/28/2020,Trump,Biden,,0.0002,5e-05,,36,19:00:03 28 Aug 2020,40000
237,2020,President,polls-plus,8/28/2020,Trump,Biden,,0.000725,0.0,,37,19:00:03 28 Aug 2020,40000
226,2020,President,polls-plus,8/28/2020,Trump,Biden,,0.00045,0.0,,38,19:00:03 28 Aug 2020,40000
215,2020,President,polls-plus,8/28/2020,Trump,Biden,,0.00035,0.0,,39,19:00:03 28 Aug 2020,40000
203,2020,President,polls-plus,8/28/2020,Trump,Biden,,0.000425,0.0,,40,19:00:03 28 Aug 2020,40000
192,2020,President,polls-plus,8/28/2020,Trump,Biden,,0.0003,2.5e-05,,41,19:00:03 28 Aug 2020,40000
181,2020,President,polls-plus,8/28/2020,Trump,Biden,,0.00055,0.0,,42,19:00:03 28 Aug 2020,40000
170,2020,President,polls-plus,8/28/2020,Trump,Biden,,0.000875,0.0,,43,19:00:03 28 Aug 2020,40000
159,2020,President,polls-plus,8/28/2020,Trump,Biden,,0.0003,0.0,,44,19:00:03 28 Aug 2020,40000
148,2020,President,polls-plus,8/28/2020,Trump,Biden,,0.000675,0.0,,45,19:00:03 28 Aug 2020,40000
137,2020,President,polls-plus,8/28/2020,Trump,Biden,,0.001275,0.0,,46,19:00:03 28 Aug 2020,40000
126,2020,President,polls-plus,8/28/2020,Trump,Biden,,0.0004,0.0,,47,19:00:03 28 Aug 2020,40000
115,2020,President,polls-plus,8/28/2020,Trump,Biden,,0.000725,0.0,,48,19:00:03 28 Aug 2020,40000
104,2020,President,polls-plus,8/28/2020,Trump,Biden,,0.00065,0.0,,49,19:00:03 28 Aug 2020,40000
92,2020,President,polls-plus,8/28/2020,Trump,Biden,,0.0003,2.5e-05,,50,19:00:03 28 Aug 2020,40000
81,2020,President,polls-plus,8/28/2020,Trump,Biden,,0.000925,0.0,,51,19:00:03 28 Aug 2020,40000
70,2020,President,polls-plus,8/28/2020,Trump,Biden,,0.0009,0.0,,52,19:00:03 28 Aug 2020,40000
59,2020,President,polls-plus,8/28/2020,Trump,Biden,,0.000325,0.0,,53,19:00:03 28 Aug 2020,40000
49,2020,President,polls-plus,8/28/2020,Trump,Biden,,0.00115,0.0,,54,19:00:03 28 Aug 2020,40000
48,2020,President,polls-plus,8/28/2020,Trump,Biden,,0.000675,0.0,,55,19:00:03 28 Aug 2020,40000
47,2020,President,polls-plus,8/28/2020,Trump,Biden,,0.000675,0.0,,56,19:00:03 28 Aug 2020,40000
46,2020,President,polls-plus,8/28/2020,Trump,Biden,,0.000875,0.0,,57,19:00:03 28 Aug 2020,40000
45,2020,President,polls-plus,8/28/2020,Trump,Biden,,0.000725,2.5e-05,,58,19:00:03 28 Aug 2020,40000
44,2020,President,polls-plus,8/28/2020,Trump,Biden,,0.0008,7.5e-05,,59,19:00:03 28 Aug 2020,40000
42,2020,President,polls-plus,8/28/2020,Trump,Biden,,0.000825,2.5e-05,,60,19:00:03 28 Aug 2020,40000
41,2020,President,polls-plus,8/28/2020,Trump,Biden,,0.000725,0.0,,61,19:00:03 28 Aug 2020,40000
40,2020,President,polls-plus,8/28/2020,Trump,Biden,,0.001125,0.0,,62,19:00:03 28 Aug 2020,40000
39,2020,President,polls-plus,8/28/2020,Trump,Biden,,0.001125,2.5e-05,,63,19:00:03 28 Aug 2020,40000
38,2020,President,polls-plus,8/28/2020,Trump,Biden,,0.0007,0.0,,64,19:00:03 28 Aug 2020,40000
37,2020,President,polls-plus,8/28/2020,Trump,Biden,,0.000875,7.5e-05,,65,19:00:03 28 Aug 2020,40000
36,2020,President,polls-plus,8/28/2020,Trump,Biden,,0.001225,2.5e-05,,66,19:00:03 28 Aug 2020,40000
35,2020,President,polls-plus,8/28/2020,Trump,Biden,,0.000825,0.0,,67,19:00:03 28 Aug 2020,40000
34,2020,President,polls-plus,8/28/2020,Trump,Biden,,0.000925,2.5e-05,,68,19:00:03 28 Aug 2020,40000
33,2020,President,polls-plus,8/28/2020,Trump,Biden,,0.00095,2.5e-05,,69,19:00:03 28 Aug 2020,40000
31,2020,President,polls-plus,8/28/2020,Trump,Biden,,0.0011,5e-05,,70,19:00:03 28 Aug 2020,40000
30,2020,President,polls-plus,8/28/2020,Trump,Biden,,0.000925,0.0,,71,19:00:03 28 Aug 2020,40000
29,2020,President,polls-plus,8/28/2020,Trump,Biden,,0.000925,7.5e-05,,72,19:00:03 28 Aug 2020,40000
28,2020,President,polls-plus,8/28/2020,Trump,Biden,,0.000725,2.5e-05,,73,19:00:03 28 Aug 2020,40000
27,2020,President,polls-plus,8/28/2020,Trump,Biden,,0.0011,2.5e-05,,74,19:00:03 28 Aug 2020,40000
26,2020,President,polls-plus,8/28/2020,Trump,Biden,,0.00125,7.5e-05,,75,19:00:03 28 Aug 2020,40000
25,2020,President,polls-plus,8/28/2020,Trump,Biden,,0.00155,0.0,,76,19:00:03 28 Aug 2020,40000
24,2020,President,polls-plus,8/28/2020,Trump,Biden,,0.001675,0.0,,77,19:00:03 28 Aug 2020,40000
23,2020,President,polls-plus,8/28/2020,Trump,Biden,,0.00075,7.5e-05,,78,19:00:03 28 Aug 2020,40000
22,2020,President,polls-plus,8/28/2020,Trump,Biden,,0.00105,0.0,,79,19:00:03 28 Aug 2020,40000
20,2020,President,polls-plus,8/28/2020,Trump,Biden,,0.0012,2.5e-05,,80,19:00:03 28 Aug 2020,40000
19,2020,President,polls-plus,8/28/2020,Trump,Biden,,0.000975,7.5e-05,,81,19:00:03 28 Aug 2020,40000
18,2020,President,polls-plus,8/28/2020,Trump,Biden,,0.0021,2.5e-05,,82,19:00:03 28 Aug 2020,40000
17,2020,President,polls-plus,8/28/2020,Trump,Biden,,0.00195,0.0,,83,19:00:03 28 Aug 2020,40000
16,2020,President,polls-plus,8/28/2020,Trump,Biden,,0.00065,5e-05,,84,19:00:03 28 Aug 2020,40000
15,2020,President,polls-plus,8/28/2020,Trump,Biden,,0.001375,0.0,,85,19:00:03 28 Aug 2020,40000
14,2020,President,polls-plus,8/28/2020,Trump,Biden,,0.0015,2.5e-05,,86,19:00:03 28 Aug 2020,40000
13,2020,President,polls-plus,8/28/2020,Trump,Biden,,0.001175,0.0001,,87,19:00:03 28 Aug 2020,40000
12,2020,President,polls-plus,8/28/2020,Trump,Biden,,0.00205,2.5e-05,,88,19:00:03 28 Aug 2020,40000
11,2020,President,polls-plus,8/28/2020,Trump,Biden,,0.001725,0.0,,89,19:00:03 28 Aug 2020,40000
9,2020,President,polls-plus,8/28/2020,Trump,Biden,,0.0009,0.0,,90,19:00:03 28 Aug 2020,40000
8,2020,President,polls-plus,8/28/2020,Trump,Biden,,0.0015,5e-05,,91,19:00:03 28 Aug 2020,40000
7,2020,President,polls-plus,8/28/2020,Trump,Biden,,0.00165,2.5e-05,,92,19:00:03 28 Aug 2020,40000
6,2020,President,polls-plus,8/28/2020,Trump,Biden,,0.002125,2.5e-05,,93,19:00:03 28 Aug 2020,40000
5,2020,President,polls-plus,8/28/2020,Trump,Biden,,0.002425,2.5e-05,,94,19:00:03 28 Aug 2020,40000
4,2020,President,polls-plus,8/28/2020,Trump,Biden,,0.001275,5e-05,,95,19:00:03 28 Aug 2020,40000
3,2020,President,polls-plus,8/28/2020,Trump,Biden,,0.00145,5e-05,,96,19:00:03 28 Aug 2020,40000
2,2020,President,polls-plus,8/28/2020,Trump,Biden,,0.002675,5e-05,,97,19:00:03 28 Aug 2020,40000
1,2020,President,polls-plus,8/28/2020,Trump,Biden,,0.001475,5e-05,,98,19:00:03 28 Aug 2020,40000
0,2020,President,polls-plus,8/28/2020,Trump,Biden,,0.0012,5e-05,,99,19:00:03 28 Aug 2020,40000
535,2020,President,polls-plus,8/28/2020,Trump,Biden,,0.002975,0.0001,,100,19:00:03 28 Aug 2020,40000
534,2020,President,polls-plus,8/28/2020,Trump,Biden,,0.0016,0.000125,,101,19:00:03 28 Aug 2020,40000
533,2020,President,polls-plus,8/28/2020,Trump,Biden,,0.002325,2.5e-05,,102,19:00:03 28 Aug 2020,40000
532,2020,President,polls-plus,8/28/2020,Trump,Biden,,0.00475,2.5e-05,,103,19:00:03 28 Aug 2020,40000
531,2020,President,polls-plus,8/28/2020,Trump,Biden,,0.001625,7.5e-05,,104,19:00:03 28 Aug 2020,40000
530,2020,President,polls-plus,8/28/2020,Trump,Biden,,0.00145,2.5e-05,,105,19:00:03 28 Aug 2020,40000
529,2020,President,polls-plus,8/28/2020,Trump,Biden,,0.003325,7.5e-05,,106,19:00:03 28 Aug 2020,40000
528,2020,President,polls-plus,8/28/2020,Trump,Biden,,0.00235,2.5e-05,,107,19:00:03 28 Aug 2020,40000
527,2020,President,polls-plus,8/28/2020,Trump,Biden,,0.00185,5e-05,,108,19:00:03 28 Aug 2020,40000
526,2020,President,polls-plus,8/28/2020,Trump,Biden,,0.00295,0.0,,109,19:00:03 28 Aug 2020,40000
524,2020,President,polls-plus,8/28/2020,Trump,Biden,,0.00265,2.5e-05,,110,19:00:03 28 Aug 2020,40000
523,2020,President,polls-plus,8/28/2020,Trump,Biden,,0.00235,0.000125,,111,19:00:03 28 Aug 2020,40000
522,2020,President,polls-plus,8/28/2020,Trump,Biden,,0.00365,2.5e-05,,112,19:00:03 28 Aug 2020,40000
521,2020,President,polls-plus,8/28/2020,Trump,Biden,,0.00465,5e-05,,113,19:00:03 28 Aug 2020,40000
520,2020,President,polls-plus,8/28/2020,Trump,Biden,,0.0017,5e-05,,114,19:00:03 28 Aug 2020,40000
519,2020,President,polls-plus,8/28/2020,Trump,Biden,,0.003125,0.000125,,115,19:00:03 28 Aug 2020,40000
518,2020,President,polls-plus,8/28/2020,Trump,Biden,,0.005625,7.5e-05,,116,19:00:03 28 Aug 2020,40000
517,2020,President,polls-plus,8/28/2020,Trump,Biden,,0.0026,7.5e-05,,117,19:00:03 28 Aug 2020,40000
516,2020,President,polls-plus,8/28/2020,Trump,Biden,,0.0015,0.000125,,118,19:00:03 28 Aug 2020,40000
515,2020,President,polls-plus,8/28/2020,Trump,Biden,,0.004775,5e-05,,119,19:00:03 28 Aug 2020,40000
513,2020,President,polls-plus,8/28/2020,Trump,Biden,,0.0018,0.0,,120,19:00:03 28 Aug 2020,40000
512,2020,President,polls-plus,8/28/2020,Trump,Biden,,0.0015,2.5e-05,,121,19:00:03 28 Aug 2020,40000
511,2020,President,polls-plus,8/28/2020,Trump,Biden,,0.00885,0.000125,,122,19:00:03 28 Aug 2020,40000
510,2020,President,polls-plus,8/28/2020,Trump,Biden,,0.004275,5e-05,,123,19:00:03 28 Aug 2020,40000
509,2020,President,polls-plus,8/28/2020,Trump,Biden,,0.001225,5e-05,,124,19:00:03 28 Aug 2020,40000
508,2020,President,polls-plus,8/28/2020,Trump,Biden,,0.015175,5e-05,,125,19:00:03 28 Aug 2020,40000
507,2020,President,polls-plus,8/28/2020,Trump,Biden,,0.0093,0.000125,,126,19:00:03 28 Aug 2020,40000
506,2020,President,polls-plus,8/28/2020,Trump,Biden,,0.001075,0.000325,,127,19:00:03 28 Aug 2020,40000
505,2020,President,polls-plus,8/28/2020,Trump,Biden,,0.00175,0.0001,,128,19:00:03 28 Aug 2020,40000
504,2020,President,polls-plus,8/28/2020,Trump,Biden,,0.00195,2.5e-05,,129,19:00:03 28 Aug 2020,40000
502,2020,President,polls-plus,8/28/2020,Trump,Biden,,0.000925,0.0006,,130,19:00:03 28 Aug 2020,40000
501,2020,President,polls-plus,8/28/2020,Trump,Biden,,0.002875,0.000125,,131,19:00:03 28 Aug 2020,40000
500,2020,President,polls-plus,8/28/2020,Trump,Biden,,0.006075,0.000125,,132,19:00:03 28 Aug 2020,40000
499,2020,President,polls-plus,8/28/2020,Trump,Biden,,0.001,0.0001,,133,19:00:03 28 Aug 2020,40000
498,2020,President,polls-plus,8/28/2020,Trump,Biden,,0.001475,0.0003,,134,19:00:03 28 Aug 2020,40000
497,2020,President,polls-plus,8/28/2020,Trump,Biden,,0.0015,0.000275,,135,19:00:03 28 Aug 2020,40000
496,2020,President,polls-plus,8/28/2020,Trump,Biden,,0.0012,7.5e-05,,136,19:00:03 28 Aug 2020,40000
495,2020,President,polls-plus,8/28/2020,Trump,Biden,,0.0011,0.0002,,137,19:00:03 28 Aug 2020,40000
494,2020,President,polls-plus,8/28/2020,Trump,Biden,,0.003225,0.00055,,138,19:00:03 28 Aug 2020,40000
493,2020,President,polls-plus,8/28/2020,Trump,Biden,,0.0013,0.000225,,139,19:00:03 28 Aug 2020,40000
491,2020,President,polls-plus,8/28/2020,Trump,Biden,,0.001175,0.0001,,140,19:00:03 28 Aug 2020,40000
490,2020,President,polls-plus,8/28/2020,Trump,Biden,,0.004775,0.0001,,141,19:00:03 28 Aug 2020,40000
489,2020,President,polls-plus,8/28/2020,Trump,Biden,,0.0027,0.0003,,142,19:00:03 28 Aug 2020,40000
488,2020,President,polls-plus,8/28/2020,Trump,Biden,,0.00135,0.0002,,143,19:00:03 28 Aug 2020,40000
487,2020,President,polls-plus,8/28/2020,Trump,Biden,,0.002325,0.000125,,144,19:00:03 28 Aug 2020,40000
486,2020,President,polls-plus,8/28/2020,Trump,Biden,,0.0011,0.00015,,145,19:00:03 28 Aug 2020,40000
485,2020,President,polls-plus,8/28/2020,Trump,Biden,,0.000825,0.000125,,146,19:00:03 28 Aug 2020,40000
484,2020,President,polls-plus,8/28/2020,Trump,Biden,,0.003575,0.0003,,147,19:00:03 28 Aug 2020,40000
483,2020,President,polls-plus,8/28/2020,Trump,Biden,,0.003775,0.0002,,148,19:00:03 28 Aug 2020,40000
482,2020,President,polls-plus,8/28/2020,Trump,Biden,,0.0012,0.00035,,149,19:00:03 28 Aug 2020,40000
480,2020,President,polls-plus,8/28/2020,Trump,Biden,,0.003475,0.0017,,150,19:00:03 28 Aug 2020,40000
479,2020,President,polls-plus,8/28/2020,Trump,Biden,,0.001725,0.000575,,151,19:00:03 28 Aug 2020,40000
478,2020,President,polls-plus,8/28/2020,Trump,Biden,,0.0011,0.000175,,152,19:00:03 28 Aug 2020,40000
477,2020,President,polls-plus,8/28/2020,Trump,Biden,,0.001625,2.5e-05,,153,19:00:03 28 Aug 2020,40000
476,2020,President,polls-plus,8/28/2020,Trump,Biden,,0.0025,0.00105,,154,19:00:03 28 Aug 2020,40000
475,2020,President,polls-plus,8/28/2020,Trump,Biden,,0.001375,0.0004,,155,19:00:03 28 Aug 2020,40000
474,2020,President,polls-plus,8/28/2020,Trump,Biden,,0.00185,0.000525,,156,19:00:03 28 Aug 2020,40000
473,2020,President,polls-plus,8/28/2020,Trump,Biden,,0.0029,0.000825,,157,19:00:03 28 Aug 2020,40000
472,2020,President,polls-plus,8/28/2020,Trump,Biden,,0.001625,0.000525,,158,19:00:03 28 Aug 2020,40000
471,2020,President,polls-plus,8/28/2020,Trump,Biden,,0.001825,0.00075,,159,19:00:03 28 Aug 2020,40000
469,2020,President,polls-plus,8/28/2020,Trump,Biden,,0.0052,0.00035,,160,19:00:03 28 Aug 2020,40000
468,2020,President,polls-plus,8/28/2020,Trump,Biden,,0.00235,0.001,,161,19:00:03 28 Aug 2020,40000
467,2020,President,polls-plus,8/28/2020,Trump,Biden,,0.0014,0.00135,,162,19:00:03 28 Aug 2020,40000
466,2020,President,polls-plus,8/28/2020,Trump,Biden,,0.0121,0.000925,,163,19:00:03 28 Aug 2020,40000
465,2020,President,polls-plus,8/28/2020,Trump,Biden,,0.00655,0.00105,,164,19:00:03 28 Aug 2020,40000
464,2020,President,polls-plus,8/28/2020,Trump,Biden,,0.00185,0.00035,,165,19:00:03 28 Aug 2020,40000
463,2020,President,polls-plus,8/28/2020,Trump,Biden,,0.00365,0.000375,,166,19:00:03 28 Aug 2020,40000
462,2020,President,polls-plus,8/28/2020,Trump,Biden,,0.001675,0.0007,,167,19:00:03 28 Aug 2020,40000
461,2020,President,polls-plus,8/28/2020,Trump,Biden,,0.00145,0.001425,,168,19:00:03 28 Aug 2020,40000
460,2020,President,polls-plus,8/28/2020,Trump,Biden,,0.00515,0.00115,,169,19:00:03 28 Aug 2020,40000
458,2020,President,polls-plus,8/28/2020,Trump,Biden,,0.008675,0.000225,,170,19:00:03 28 Aug 2020,40000
457,2020,President,polls-plus,8/28/2020,Trump,Biden,,0.001675,0.001125,,171,19:00:03 28 Aug 2020,40000
456,2020,President,polls-plus,8/28/2020,Trump,Biden,,0.001225,0.00065,,172,19:00:03 28 Aug 2020,40000
455,2020,President,polls-plus,8/28/2020,Trump,Biden,,0.0026,0.00055,,173,19:00:03 28 Aug 2020,40000
454,2020,President,polls-plus,8/28/2020,Trump,Biden,,0.002525,0.0006,,174,19:00:03 28 Aug 2020,40000
453,2020,President,polls-plus,8/28/2020,Trump,Biden,,0.002225,0.0055,,175,19:00:03 28 Aug 2020,40000
452,2020,President,polls-plus,8/28/2020,Trump,Biden,,0.005,0.005825,,176,19:00:03 28 Aug 2020,40000
451,2020,President,polls-plus,8/28/2020,Trump,Biden,,0.002525,0.000625,,177,19:00:03 28 Aug 2020,40000
450,2020,President,polls-plus,8/28/2020,Trump,Biden,,0.00235,0.0009,,178,19:00:03 28 Aug 2020,40000
449,2020,President,polls-plus,8/28/2020,Trump,Biden,,0.012075,0.000375,,179,19:00:03 28 Aug 2020,40000
447,2020,President,polls-plus,8/28/2020,Trump,Biden,,0.006875,0.0015,,180,19:00:03 28 Aug 2020,40000
446,2020,President,polls-plus,8/28/2020,Trump,Biden,,0.00415,0.002325,,181,19:00:03 28 Aug 2020,40000
445,2020,President,polls-plus,8/28/2020,Trump,Biden,,0.003375,0.002825,,182,19:00:03 28 Aug 2020,40000
444,2020,President,polls-plus,8/28/2020,Trump,Biden,,0.00195,0.0053,,183,19:00:03 28 Aug 2020,40000
443,2020,President,polls-plus,8/28/2020,Trump,Biden,,0.001625,0.0006,,184,19:00:03 28 Aug 2020,40000
442,2020,President,polls-plus,8/28/2020,Trump,Biden,,0.009675,0.00185,,185,19:00:03 28 Aug 2020,40000
441,2020,President,polls-plus,8/28/2020,Trump,Biden,,0.0114,0.0007,,186,19:00:03 28 Aug 2020,40000
440,2020,President,polls-plus,8/28/2020,Trump,Biden,,0.0032,0.001725,,187,19:00:03 28 Aug 2020,40000
439,2020,President,polls-plus,8/28/2020,Trump,Biden,,0.005875,0.006125,,188,19:00:03 28 Aug 2020,40000
438,2020,President,polls-plus,8/28/2020,Trump,Biden,,0.0019,0.0046,,189,19:00:03 28 Aug 2020,40000
436,2020,President,polls-plus,8/28/2020,Trump,Biden,,0.003475,0.0016,,190,19:00:03 28 Aug 2020,40000
435,2020,President,polls-plus,8/28/2020,Trump,Biden,,0.003175,0.001325,,191,19:00:03 28 Aug 2020,40000
434,2020,President,polls-plus,8/28/2020,Trump,Biden,,0.00175,0.0015,,192,19:00:03 28 Aug 2020,40000
433,2020,President,polls-plus,8/28/2020,Trump,Biden,,0.0022,0.00195,,193,19:00:03 28 Aug 2020,40000
432,2020,President,polls-plus,8/28/2020,Trump,Biden,,0.004975,0.00375,,194,19:00:03 28 Aug 2020,40000
431,2020,President,polls-plus,8/28/2020,Trump,Biden,,0.0043,0.00155,,195,19:00:03 28 Aug 2020,40000
430,2020,President,polls-plus,8/28/2020,Trump,Biden,,0.004425,0.00655,,196,19:00:03 28 Aug 2020,40000
429,2020,President,polls-plus,8/28/2020,Trump,Biden,,0.006275,0.0028,,197,19:00:03 28 Aug 2020,40000
428,2020,President,polls-plus,8/28/2020,Trump,Biden,,0.0034,0.002475,,198,19:00:03 28 Aug 2020,40000
427,2020,President,polls-plus,8/28/2020,Trump,Biden,,0.002925,0.002125,,199,19:00:03 28 Aug 2020,40000
424,2020,President,polls-plus,8/28/2020,Trump,Biden,,0.004575,0.0023,,200,19:00:03 28 Aug 2020,40000
423,2020,President,polls-plus,8/28/2020,Trump,Biden,,0.0103,0.00835,,201,19:00:03 28 Aug 2020,40000
422,2020,President,polls-plus,8/28/2020,Trump,Biden,,0.002675,0.0019,,202,19:00:03 28 Aug 2020,40000
421,2020,President,polls-plus,8/28/2020,Trump,Biden,,0.005725,0.0039,,203,19:00:03 28 Aug 2020,40000
420,2020,President,polls-plus,8/28/2020,Trump,Biden,,0.011025,0.0016,,204,19:00:03 28 Aug 2020,40000
419,2020,President,polls-plus,8/28/2020,Trump,Biden,,0.005025,0.0037,,205,19:00:03 28 Aug 2020,40000
418,2020,President,polls-plus,8/28/2020,Trump,Biden,,0.00195,0.00115,,206,19:00:03 28 Aug 2020,40000
417,2020,President,polls-plus,8/28/2020,Trump,Biden,,0.00155,0.003475,,207,19:00:03 28 Aug 2020,40000
416,2020,President,polls-plus,8/28/2020,Trump,Biden,,0.002,0.000925,,208,19:00:03 28 Aug 2020,40000
415,2020,President,polls-plus,8/28/2020,Trump,Biden,,0.002725,0.0023,,209,19:00:03 28 Aug 2020,40000
413,2020,President,polls-plus,8/28/2020,Trump,Biden,,0.001875,0.01085,,210,19:00:03 28 Aug 2020,40000
412,2020,President,polls-plus,8/28/2020,Trump,Biden,,0.003025,0.00175,,211,19:00:03 28 Aug 2020,40000
411,2020,President,polls-plus,8/28/2020,Trump,Biden,,0.00395,0.005425,,212,19:00:03 28 Aug 2020,40000
410,2020,President,polls-plus,8/28/2020,Trump,Biden,,0.003025,0.001725,,213,19:00:03 28 Aug 2020,40000
409,2020,President,polls-plus,8/28/2020,Trump,Biden,,0.004,0.002275,,214,19:00:03 28 Aug 2020,40000
408,2020,President,polls-plus,8/28/2020,Trump,Biden,,0.0084,0.001475,,215,19:00:03 28 Aug 2020,40000
407,2020,President,polls-plus,8/28/2020,Trump,Biden,,0.00515,0.00865,,216,19:00:03 28 Aug 2020,40000
406,2020,President,polls-plus,8/28/2020,Trump,Biden,,0.0023,0.002325,,217,19:00:03 28 Aug 2020,40000
405,2020,President,polls-plus,8/28/2020,Trump,Biden,,0.003675,0.0034,,218,19:00:03 28 Aug 2020,40000
404,2020,President,polls-plus,8/28/2020,Trump,Biden,,0.01825,0.0024,,219,19:00:03 28 Aug 2020,40000
402,2020,President,polls-plus,8/28/2020,Trump,Biden,,0.00835,0.00195,,220,19:00:03 28 Aug 2020,40000
401,2020,President,polls-plus,8/28/2020,Trump,Biden,,0.002425,0.002225,,221,19:00:03 28 Aug 2020,40000
400,2020,President,polls-plus,8/28/2020,Trump,Biden,,0.0022,0.00305,,222,19:00:03 28 Aug 2020,40000
399,2020,President,polls-plus,8/28/2020,Trump,Biden,,0.002875,0.00255,,223,19:00:03 28 Aug 2020,40000
398,2020,President,polls-plus,8/28/2020,Trump,Biden,,0.003075,0.0012,,224,19:00:03 28 Aug 2020,40000
397,2020,President,polls-plus,8/28/2020,Trump,Biden,,0.0044,0.00155,,225,19:00:03 28 Aug 2020,40000
396,2020,President,polls-plus,8/28/2020,Trump,Biden,,0.00305,0.005875,,226,19:00:03 28 Aug 2020,40000
395,2020,President,polls-plus,8/28/2020,Trump,Biden,,0.00135,0.0029,,227,19:00:03 28 Aug 2020,40000
394,2020,President,polls-plus,8/28/2020,Trump,Biden,,0.00155,0.004375,,228,19:00:03 28 Aug 2020,40000
393,2020,President,polls-plus,8/28/2020,Trump,Biden,,0.004625,0.0018,,229,19:00:03 28 Aug 2020,40000
391,2020,President,polls-plus,8/28/2020,Trump,Biden,,0.011625,0.001625,,230,19:00:03 28 Aug 2020,40000
390,2020,President,polls-plus,8/28/2020,Trump,Biden,,0.006925,0.001375,,231,19:00:03 28 Aug 2020,40000
389,2020,President,polls-plus,8/28/2020,Trump,Biden,,0.0023,0.0072,,232,19:00:03 28 Aug 2020,40000
388,2020,President,polls-plus,8/28/2020,Trump,Biden,,0.00215,0.00215,,233,19:00:03 28 Aug 2020,40000
387,2020,President,polls-plus,8/28/2020,Trump,Biden,,0.00325,0.004725,,234,19:00:03 28 Aug 2020,40000
386,2020,President,polls-plus,8/28/2020,Trump,Biden,,0.00275,0.00125,,235,19:00:03 28 Aug 2020,40000
385,2020,President,polls-plus,8/28/2020,Trump,Biden,,0.00315,0.002275,,236,19:00:03 28 Aug 2020,40000
384,2020,President,polls-plus,8/28/2020,Trump,Biden,,0.002375,0.0021,,237,19:00:03 28 Aug 2020,40000
383,2020,President,polls-plus,8/28/2020,Trump,Biden,,0.001425,0.0047,,238,19:00:03 28 Aug 2020,40000
382,2020,President,polls-plus,8/28/2020,Trump,Biden,,0.002475,0.002,,239,19:00:03 28 Aug 2020,40000
380,2020,President,polls-plus,8/28/2020,Trump,Biden,,0.005475,0.00115,,240,19:00:03 28 Aug 2020,40000
379,2020,President,polls-plus,8/28/2020,Trump,Biden,,0.005825,0.001225,,241,19:00:03 28 Aug 2020,40000
378,2020,President,polls-plus,8/28/2020,Trump,Biden,,0.002275,0.005075,,242,19:00:03 28 Aug 2020,40000
377,2020,President,polls-plus,8/28/2020,Trump,Biden,,0.002475,0.003725,,243,19:00:03 28 Aug 2020,40000
376,2020,President,polls-plus,8/28/2020,Trump,Biden,,0.004125,0.0032,,244,19:00:03 28 Aug 2020,40000
375,2020,President,polls-plus,8/28/2020,Trump,Biden,,0.004,0.003075,,245,19:00:03 28 Aug 2020,40000
374,2020,President,polls-plus,8/28/2020,Trump,Biden,,0.003025,0.00225,,246,19:00:03 28 Aug 2020,40000
373,2020,President,polls-plus,8/28/2020,Trump,Biden,,0.00245,0.00225,,247,19:00:03 28 Aug 2020,40000
372,2020,President,polls-plus,8/28/2020,Trump,Biden,,0.0053,0.0053,,248,19:00:03 28 Aug 2020,40000
371,2020,President,polls-plus,8/28/2020,Trump,Biden,,0.003425,0.002725,,249,19:00:03 28 Aug 2020,40000
369,2020,President,polls-plus,8/28/2020,Trump,Biden,,0.003275,0.0013,,250,19:00:03 28 Aug 2020,40000
368,2020,President,polls-plus,8/28/2020,Trump,Biden,,0.002725,0.001,,251,19:00:03 28 Aug 2020,40000
367,2020,President,polls-plus,8/28/2020,Trump,Biden,,0.002225,0.004025,,252,19:00:03 28 Aug 2020,40000
366,2020,President,polls-plus,8/28/2020,Trump,Biden,,0.001825,0.0034,,253,19:00:03 28 Aug 2020,40000
365,2020,President,polls-plus,8/28/2020,Trump,Biden,,0.002425,0.0032,,254,19:00:03 28 Aug 2020,40000
364,2020,President,polls-plus,8/28/2020,Trump,Biden,,0.002925,0.00265,,255,19:00:03 28 Aug 2020,40000
363,2020,President,polls-plus,8/28/2020,Trump,Biden,,0.003225,0.0023,,256,19:00:03 28 Aug 2020,40000
362,2020,President,polls-plus,8/28/2020,Trump,Biden,,0.002325,0.001925,,257,19:00:03 28 Aug 2020,40000
361,2020,President,polls-plus,8/28/2020,Trump,Biden,,0.003125,0.0057,,258,19:00:03 28 Aug 2020,40000
360,2020,President,polls-plus,8/28/2020,Trump,Biden,,0.010975,0.004175,,259,19:00:03 28 Aug 2020,40000
358,2020,President,polls-plus,8/28/2020,Trump,Biden,,0.008825,0.001475,,260,19:00:03 28 Aug 2020,40000
357,2020,President,polls-plus,8/28/2020,Trump,Biden,,0.002425,0.00205,,261,19:00:03 28 Aug 2020,40000
356,2020,President,polls-plus,8/28/2020,Trump,Biden,,0.002025,0.003325,,262,19:00:03 28 Aug 2020,40000
355,2020,President,polls-plus,8/28/2020,Trump,Biden,,0.0024,0.003625,,263,19:00:03 28 Aug 2020,40000
354,2020,President,polls-plus,8/28/2020,Trump,Biden,,0.003475,0.002325,,264,19:00:03 28 Aug 2020,40000
353,2020,President,polls-plus,8/28/2020,Trump,Biden,,0.0045,0.002275,,265,19:00:03 28 Aug 2020,40000
352,2020,President,polls-plus,8/28/2020,Trump,Biden,,0.004975,0.001525,,266,19:00:03 28 Aug 2020,40000
351,2020,President,polls-plus,8/28/2020,Trump,Biden,,0.001875,0.001675,,267,19:00:03 28 Aug 2020,40000
350,2020,President,polls-plus,8/28/2020,Trump,Biden,,0.001475,0.0057,,268,19:00:03 28 Aug 2020,40000
349,2020,President,polls-plus,8/28/2020,Trump,Biden,,0.003975,0.003975,,269,19:00:03 28 Aug 2020,40000
347,2020,President,polls-plus,8/28/2020,Trump,Biden,,0.0057,0.001475,,270,19:00:03 28 Aug 2020,40000
346,2020,President,polls-plus,8/28/2020,Trump,Biden,,0.001675,0.001875,,271,19:00:03 28 Aug 2020,40000
345,2020,President,polls-plus,8/28/2020,Trump,Biden,,0.001525,0.004975,,272,19:00:03 28 Aug 2020,40000
344,2020,President,polls-plus,8/28/2020,Trump,Biden,,0.002275,0.0045,,273,19:00:03 28 Aug 2020,40000
343,2020,President,polls-plus,8/28/2020,Trump,Biden,,0.002325,0.003475,,274,19:00:03 28 Aug 2020,40000
342,2020,President,polls-plus,8/28/2020,Trump,Biden,,0.003625,0.0024,,275,19:00:03 28 Aug 2020,40000
341,2020,President,polls-plus,8/28/2020,Trump,Biden,,0.003325,0.002025,,276,19:00:03 28 Aug 2020,40000
340,2020,President,polls-plus,8/28/2020,Trump,Biden,,0.00205,0.002425,,277,19:00:03 28 Aug 2020,40000
339,2020,President,polls-plus,8/28/2020,Trump,Biden,,0.001475,0.008825,,278,19:00:03 28 Aug 2020,40000
338,2020,President,polls-plus,8/28/2020,Trump,Biden,,0.004175,0.010975,,279,19:00:03 28 Aug 2020,40000
336,2020,President,polls-plus,8/28/2020,Trump,Biden,,0.0057,0.003125,,280,19:00:03 28 Aug 2020,40000
335,2020,President,polls-plus,8/28/2020,Trump,Biden,,0.001925,0.002325,,281,19:00:03 28 Aug 2020,40000
334,2020,President,polls-plus,8/28/2020,Trump,Biden,,0.0023,0.003225,,282,19:00:03 28 Aug 2020,40000
333,2020,President,polls-plus,8/28/2020,Trump,Biden,,0.00265,0.002925,,283,19:00:03 28 Aug 2020,40000
332,2020,President,polls-plus,8/28/2020,Trump,Biden,,0.0032,0.002425,,284,19:00:03 28 Aug 2020,40000
331,2020,President,polls-plus,8/28/2020,Trump,Biden,,0.0034,0.001825,,285,19:00:03 28 Aug 2020,40000
330,2020,President,polls-plus,8/28/2020,Trump,Biden,,0.004025,0.002225,,286,19:00:03 28 Aug 2020,40000
329,2020,President,polls-plus,8/28/2020,Trump,Biden,,0.001,0.002725,,287,19:00:03 28 Aug 2020,40000
328,2020,President,polls-plus,8/28/2020,Trump,Biden,,0.0013,0.003275,,288,19:00:03 28 Aug 2020,40000
327,2020,President,polls-plus,8/28/2020,Trump,Biden,,0.002725,0.003425,,289,19:00:03 28 Aug 2020,40000
325,2020,President,polls-plus,8/28/2020,Trump,Biden,,0.0053,0.0053,,290,19:00:03 28 Aug 2020,40000
324,2020,President,polls-plus,8/28/2020,Trump,Biden,,0.00225,0.00245,,291,19:00:03 28 Aug 2020,40000
323,2020,President,polls-plus,8/28/2020,Trump,Biden,,0.00225,0.003025,,292,19:00:03 28 Aug 2020,40000
322,2020,President,polls-plus,8/28/2020,Trump,Biden,,0.003075,0.004,,293,19:00:03 28 Aug 2020,40000
321,2020,President,polls-plus,8/28/2020,Trump,Biden,,0.0032,0.004125,,294,19:00:03 28 Aug 2020,40000
320,2020,President,polls-plus,8/28/2020,Trump,Biden,,0.003725,0.002475,,295,19:00:03 28 Aug 2020,40000
319,2020,President,polls-plus,8/28/2020,Trump,Biden,,0.005075,0.002275,,296,19:00:03 28 Aug 2020,40000
318,2020,President,polls-plus,8/28/2020,Trump,Biden,,0.001225,0.005825,,297,19:00:03 28 Aug 2020,40000
317,2020,President,polls-plus,8/28/2020,Trump,Biden,,0.00115,0.005475,,298,19:00:03 28 Aug 2020,40000
316,2020,President,polls-plus,8/28/2020,Trump,Biden,,0.002,0.002475,,299,19:00:03 28 Aug 2020,40000
313,2020,President,polls-plus,8/28/2020,Trump,Biden,,0.0047,0.001425,,300,19:00:03 28 Aug 2020,40000
312,2020,President,polls-plus,8/28/2020,Trump,Biden,,0.0021,0.002375,,301,19:00:03 28 Aug 2020,40000
311,2020,President,polls-plus,8/28/2020,Trump,Biden,,0.002275,0.00315,,302,19:00:03 28 Aug 2020,40000
310,2020,President,polls-plus,8/28/2020,Trump,Biden,,0.00125,0.00275,,303,19:00:03 28 Aug 2020,40000
309,2020,President,polls-plus,8/28/2020,Trump,Biden,,0.004725,0.00325,,304,19:00:03 28 Aug 2020,40000
308,2020,President,polls-plus,8/28/2020,Trump,Biden,,0.00215,0.00215,,305,19:00:03 28 Aug 2020,40000
307,2020,President,polls-plus,8/28/2020,Trump,Biden,,0.0072,0.0023,,306,19:00:03 28 Aug 2020,40000
306,2020,President,polls-plus,8/28/2020,Trump,Biden,,0.001375,0.006925,,307,19:00:03 28 Aug 2020,40000
305,2020,President,polls-plus,8/28/2020,Trump,Biden,,0.001625,0.011625,,308,19:00:03 28 Aug 2020,40000
304,2020,President,polls-plus,8/28/2020,Trump,Biden,,0.0018,0.004625,,309,19:00:03 28 Aug 2020,40000
302,2020,President,polls-plus,8/28/2020,Trump,Biden,,0.004375,0.00155,,310,19:00:03 28 Aug 2020,40000
301,2020,President,polls-plus,8/28/2020,Trump,Biden,,0.0029,0.00135,,311,19:00:03 28 Aug 2020,40000
300,2020,President,polls-plus,8/28/2020,Trump,Biden,,0.005875,0.00305,,312,19:00:03 28 Aug 2020,40000
299,2020,President,polls-plus,8/28/2020,Trump,Biden,,0.00155,0.0044,,313,19:00:03 28 Aug 2020,40000
298,2020,President,polls-plus,8/28/2020,Trump,Biden,,0.0012,0.003075,,314,19:00:03 28 Aug 2020,40000
297,2020,President,polls-plus,8/28/2020,Trump,Biden,,0.00255,0.002875,,315,19:00:03 28 Aug 2020,40000
296,2020,President,polls-plus,8/28/2020,Trump,Biden,,0.00305,0.0022,,316,19:00:03 28 Aug 2020,40000
295,2020,President,polls-plus,8/28/2020,Trump,Biden,,0.002225,0.002425,,317,19:00:03 28 Aug 2020,40000
294,2020,President,polls-plus,8/28/2020,Trump,Biden,,0.00195,0.00835,,318,19:00:03 28 Aug 2020,40000
293,2020,President,polls-plus,8/28/2020,Trump,Biden,,0.0024,0.01825,,319,19:00:03 28 Aug 2020,40000
291,2020,President,polls-plus,8/28/2020,Trump,Biden,,0.0034,0.003675,,320,19:00:03 28 Aug 2020,40000
290,2020,President,polls-plus,8/28/2020,Trump,Biden,,0.002325,0.0023,,321,19:00:03 28 Aug 2020,40000
289,2020,President,polls-plus,8/28/2020,Trump,Biden,,0.00865,0.00515,,322,19:00:03 28 Aug 2020,40000
288,2020,President,polls-plus,8/28/2020,Trump,Biden,,0.001475,0.0084,,323,19:00:03 28 Aug 2020,40000
287,2020,President,polls-plus,8/28/2020,Trump,Biden,,0.002275,0.004,,324,19:00:03 28 Aug 2020,40000
286,2020,President,polls-plus,8/28/2020,Trump,Biden,,0.001725,0.003025,,325,19:00:03 28 Aug 2020,40000
285,2020,President,polls-plus,8/28/2020,Trump,Biden,,0.005425,0.00395,,326,19:00:03 28 Aug 2020,40000
284,2020,President,polls-plus,8/28/2020,Trump,Biden,,0.00175,0.003025,,327,19:00:03 28 Aug 2020,40000
283,2020,President,polls-plus,8/28/2020,Trump,Biden,,0.01085,0.001875,,328,19:00:03 28 Aug 2020,40000
282,2020,President,polls-plus,8/28/2020,Trump,Biden,,0.0023,0.002725,,329,19:00:03 28 Aug 2020,40000
280,2020,President,polls-plus,8/28/2020,Trump,Biden,,0.000925,0.002,,330,19:00:03 28 Aug 2020,40000
279,2020,President,polls-plus,8/28/2020,Trump,Biden,,0.003475,0.00155,,331,19:00:03 28 Aug 2020,40000
278,2020,President,polls-plus,8/28/2020,Trump,Biden,,0.00115,0.00195,,332,19:00:03 28 Aug 2020,40000
277,2020,President,polls-plus,8/28/2020,Trump,Biden,,0.0037,0.005025,,333,19:00:03 28 Aug 2020,40000
276,2020,President,polls-plus,8/28/2020,Trump,Biden,,0.0016,0.011025,,334,19:00:03 28 Aug 2020,40000
275,2020,President,polls-plus,8/28/2020,Trump,Biden,,0.0039,0.005725,,335,19:00:03 28 Aug 2020,40000
274,2020,President,polls-plus,8/28/2020,Trump,Biden,,0.0019,0.002675,,336,19:00:03 28 Aug 2020,40000
273,2020,President,polls-plus,8/28/2020,Trump,Biden,,0.00835,0.0103,,337,19:00:03 28 Aug 2020,40000
272,2020,President,polls-plus,8/28/2020,Trump,Biden,,0.0023,0.004575,,338,19:00:03 28 Aug 2020,40000
271,2020,President,polls-plus,8/28/2020,Trump,Biden,,0.002125,0.002925,,339,19:00:03 28 Aug 2020,40000
269,2020,President,polls-plus,8/28/2020,Trump,Biden,,0.002475,0.0034,,340,19:00:03 28 Aug 2020,40000
268,2020,President,polls-plus,8/28/2020,Trump,Biden,,0.0028,0.006275,,341,19:00:03 28 Aug 2020,40000
267,2020,President,polls-plus,8/28/2020,Trump,Biden,,0.00655,0.004425,,342,19:00:03 28 Aug 2020,40000
266,2020,President,polls-plus,8/28/2020,Trump,Biden,,0.00155,0.0043,,343,19:00:03 28 Aug 2020,40000
265,2020,President,polls-plus,8/28/2020,Trump,Biden,,0.00375,0.004975,,344,19:00:03 28 Aug 2020,40000
264,2020,President,polls-plus,8/28/2020,Trump,Biden,,0.00195,0.0022,,345,19:00:03 28 Aug 2020,40000
263,2020,President,polls-plus,8/28/2020,Trump,Biden,,0.0015,0.00175,,346,19:00:03 28 Aug 2020,40000
262,2020,President,polls-plus,8/28/2020,Trump,Biden,,0.001325,0.003175,,347,19:00:03 28 Aug 2020,40000
261,2020,President,polls-plus,8/28/2020,Trump,Biden,,0.0016,0.003475,,348,19:00:03 28 Aug 2020,40000
260,2020,President,polls-plus,8/28/2020,Trump,Biden,,0.0046,0.0019,,349,19:00:03 28 Aug 2020,40000
258,2020,President,polls-plus,8/28/2020,Trump,Biden,,0.006125,0.005875,,350,19:00:03 28 Aug 2020,40000
257,2020,President,polls-plus,8/28/2020,Trump,Biden,,0.001725,0.0032,,351,19:00:03 28 Aug 2020,40000
256,2020,President,polls-plus,8/28/2020,Trump,Biden,,0.0007,0.0114,,352,19:00:03 28 Aug 2020,40000
255,2020,President,polls-plus,8/28/2020,Trump,Biden,,0.00185,0.009675,,353,19:00:03 28 Aug 2020,40000
254,2020,President,polls-plus,8/28/2020,Trump,Biden,,0.0006,0.001625,,354,19:00:03 28 Aug 2020,40000
253,2020,President,polls-plus,8/28/2020,Trump,Biden,,0.0053,0.00195,,355,19:00:03 28 Aug 2020,40000
252,2020,President,polls-plus,8/28/2020,Trump,Biden,,0.002825,0.003375,,356,19:00:03 28 Aug 2020,40000
251,2020,President,polls-plus,8/28/2020,Trump,Biden,,0.002325,0.00415,,357,19:00:03 28 Aug 2020,40000
250,2020,President,polls-plus,8/28/2020,Trump,Biden,,0.0015,0.006875,,358,19:00:03 28 Aug 2020,40000
249,2020,President,polls-plus,8/28/2020,Trump,Biden,,0.000375,0.012075,,359,19:00:03 28 Aug 2020,40000
247,2020,President,polls-plus,8/28/2020,Trump,Biden,,0.0009,0.00235,,360,19:00:03 28 Aug 2020,40000
246,2020,President,polls-plus,8/28/2020,Trump,Biden,,0.000625,0.002525,,361,19:00:03 28 Aug 2020,40000
245,2020,President,polls-plus,8/28/2020,Trump,Biden,,0.005825,0.005,,362,19:00:03 28 Aug 2020,40000
244,2020,President,polls-plus,8/28/2020,Trump,Biden,,0.0055,0.002225,,363,19:00:03 28 Aug 2020,40000
243,2020,President,polls-plus,8/28/2020,Trump,Biden,,0.0006,0.002525,,364,19:00:03 28 Aug 2020,40000
242,2020,President,polls-plus,8/28/2020,Trump,Biden,,0.00055,0.0026,,365,19:00:03 28 Aug 2020,40000
241,2020,President,polls-plus,8/28/2020,Trump,Biden,,0.00065,0.001225,,366,19:00:03 28 Aug 2020,40000
240,2020,President,polls-plus,8/28/2020,Trump,Biden,,0.001125,0.001675,,367,19:00:03 28 Aug 2020,40000
239,2020,President,polls-plus,8/28/2020,Trump,Biden,,0.000225,0.008675,,368,19:00:03 28 Aug 2020,40000
238,2020,President,polls-plus,8/28/2020,Trump,Biden,,0.00115,0.00515,,369,19:00:03 28 Aug 2020,40000
236,2020,President,polls-plus,8/28/2020,Trump,Biden,,0.001425,0.00145,,370,19:00:03 28 Aug 2020,40000
235,2020,President,polls-plus,8/28/2020,Trump,Biden,,0.0007,0.001675,,371,19:00:03 28 Aug 2020,40000
234,2020,President,polls-plus,8/28/2020,Trump,Biden,,0.000375,0.00365,,372,19:00:03 28 Aug 2020,40000
233,2020,President,polls-plus,8/28/2020,Trump,Biden,,0.00035,0.00185,,373,19:00:03 28 Aug 2020,40000
232,2020,President,polls-plus,8/28/2020,Trump,Biden,,0.00105,0.00655,,374,19:00:03 28 Aug 2020,40000
231,2020,President,polls-plus,8/28/2020,Trump,Biden,,0.000925,0.0121,,375,19:00:03 28 Aug 2020,40000
230,2020,President,polls-plus,8/28/2020,Trump,Biden,,0.00135,0.0014,,376,19:00:03 28 Aug 2020,40000
229,2020,President,polls-plus,8/28/2020,Trump,Biden,,0.001,0.00235,,377,19:00:03 28 Aug 2020,40000
228,2020,President,polls-plus,8/28/2020,Trump,Biden,,0.00035,0.0052,,378,19:00:03 28 Aug 2020,40000
227,2020,President,polls-plus,8/28/2020,Trump,Biden,,0.00075,0.001825,,379,19:00:03 28 Aug 2020,40000
225,2020,President,polls-plus,8/28/2020,Trump,Biden,,0.000525,0.001625,,380,19:00:03 28 Aug 2020,40000
224,2020,President,polls-plus,8/28/2020,Trump,Biden,,0.000825,0.0029,,381,19:00:03 28 Aug 2020,40000
223,2020,President,polls-plus,8/28/2020,Trump,Biden,,0.000525,0.00185,,382,19:00:03 28 Aug 2020,40000
222,2020,President,polls-plus,8/28/2020,Trump,Biden,,0.0004,0.001375,,383,19:00:03 28 Aug 2020,40000
221,2020,President,polls-plus,8/28/2020,Trump,Biden,,0.00105,0.0025,,384,19:00:03 28 Aug 2020,40000
220,2020,President,polls-plus,8/28/2020,Trump,Biden,,2.5e-05,0.001625,,385,19:00:03 28 Aug 2020,40000
219,2020,President,polls-plus,8/28/2020,Trump,Biden,,0.000175,0.0011,,386,19:00:03 28 Aug 2020,40000
218,2020,President,polls-plus,8/28/2020,Trump,Biden,,0.000575,0.001725,,387,19:00:03 28 Aug 2020,40000
217,2020,President,polls-plus,8/28/2020,Trump,Biden,,0.0017,0.003475,,388,19:00:03 28 Aug 2020,40000
216,2020,President,polls-plus,8/28/2020,Trump,Biden,,0.00035,0.0012,,389,19:00:03 28 Aug 2020,40000
214,2020,President,polls-plus,8/28/2020,Trump,Biden,,0.0002,0.003775,,390,19:00:03 28 Aug 2020,40000
213,2020,President,polls-plus,8/28/2020,Trump,Biden,,0.0003,0.003575,,391,19:00:03 28 Aug 2020,40000
212,2020,President,polls-plus,8/28/2020,Trump,Biden,,0.000125,0.000825,,392,19:00:03 28 Aug 2020,40000
211,2020,President,polls-plus,8/28/2020,Trump,Biden,,0.00015,0.0011,,393,19:00:03 28 Aug 2020,40000
210,2020,President,polls-plus,8/28/2020,Trump,Biden,,0.000125,0.002325,,394,19:00:03 28 Aug 2020,40000
209,2020,President,polls-plus,8/28/2020,Trump,Biden,,0.0002,0.00135,,395,19:00:03 28 Aug 2020,40000
208,2020,President,polls-plus,8/28/2020,Trump,Biden,,0.0003,0.0027,,396,19:00:03 28 Aug 2020,40000
207,2020,President,polls-plus,8/28/2020,Trump,Biden,,0.0001,0.004775,,397,19:00:03 28 Aug 2020,40000
206,2020,President,polls-plus,8/28/2020,Trump,Biden,,0.0001,0.001175,,398,19:00:03 28 Aug 2020,40000
205,2020,President,polls-plus,8/28/2020,Trump,Biden,,0.000225,0.0013,,399,19:00:03 28 Aug 2020,40000
202,2020,President,polls-plus,8/28/2020,Trump,Biden,,0.00055,0.003225,,400,19:00:03 28 Aug 2020,40000
201,2020,President,polls-plus,8/28/2020,Trump,Biden,,0.0002,0.0011,,401,19:00:03 28 Aug 2020,40000
200,2020,President,polls-plus,8/28/2020,Trump,Biden,,7.5e-05,0.0012,,402,19:00:03 28 Aug 2020,40000
199,2020,President,polls-plus,8/28/2020,Trump,Biden,,0.000275,0.0015,,403,19:00:03 28 Aug 2020,40000
198,2020,President,polls-plus,8/28/2020,Trump,Biden,,0.0003,0.001475,,404,19:00:03 28 Aug 2020,40000
197,2020,President,polls-plus,8/28/2020,Trump,Biden,,0.0001,0.001,,405,19:00:03 28 Aug 2020,40000
196,2020,President,polls-plus,8/28/2020,Trump,Biden,,0.000125,0.006075,,406,19:00:03 28 Aug 2020,40000
195,2020,President,polls-plus,8/28/2020,Trump,Biden,,0.000125,0.002875,,407,19:00:03 28 Aug 2020,40000
194,2020,President,polls-plus,8/28/2020,Trump,Biden,,0.0006,0.000925,,408,19:00:03 28 Aug 2020,40000
193,2020,President,polls-plus,8/28/2020,Trump,Biden,,2.5e-05,0.00195,,409,19:00:03 28 Aug 2020,40000
191,2020,President,polls-plus,8/28/2020,Trump,Biden,,0.0001,0.00175,,410,19:00:03 28 Aug 2020,40000
190,2020,President,polls-plus,8/28/2020,Trump,Biden,,0.000325,0.001075,,411,19:00:03 28 Aug 2020,40000
189,2020,President,polls-plus,8/28/2020,Trump,Biden,,0.000125,0.0093,,412,19:00:03 28 Aug 2020,40000
188,2020,President,polls-plus,8/28/2020,Trump,Biden,,5e-05,0.015175,,413,19:00:03 28 Aug 2020,40000
187,2020,President,polls-plus,8/28/2020,Trump,Biden,,5e-05,0.001225,,414,19:00:03 28 Aug 2020,40000
186,2020,President,polls-plus,8/28/2020,Trump,Biden,,5e-05,0.004275,,415,19:00:03 28 Aug 2020,40000
185,2020,President,polls-plus,8/28/2020,Trump,Biden,,0.000125,0.00885,,416,19:00:03 28 Aug 2020,40000
184,2020,President,polls-plus,8/28/2020,Trump,Biden,,2.5e-05,0.0015,,417,19:00:03 28 Aug 2020,40000
183,2020,President,polls-plus,8/28/2020,Trump,Biden,,0.0,0.0018,,418,19:00:03 28 Aug 2020,40000
182,2020,President,polls-plus,8/28/2020,Trump,Biden,,5e-05,0.004775,,419,19:00:03 28 Aug 2020,40000
180,2020,President,polls-plus,8/28/2020,Trump,Biden,,0.000125,0.0015,,420,19:00:03 28 Aug 2020,40000
179,2020,President,polls-plus,8/28/2020,Trump,Biden,,7.5e-05,0.0026,,421,19:00:03 28 Aug 2020,40000
178,2020,President,polls-plus,8/28/2020,Trump,Biden,,7.5e-05,0.005625,,422,19:00:03 28 Aug 2020,40000
177,2020,President,polls-plus,8/28/2020,Trump,Biden,,0.000125,0.003125,,423,19:00:03 28 Aug 2020,40000
176,2020,President,polls-plus,8/28/2020,Trump,Biden,,5e-05,0.0017,,424,19:00:03 28 Aug 2020,40000
175,2020,President,polls-plus,8/28/2020,Trump,Biden,,5e-05,0.00465,,425,19:00:03 28 Aug 2020,40000
174,2020,President,polls-plus,8/28/2020,Trump,Biden,,2.5e-05,0.00365,,426,19:00:03 28 Aug 2020,40000
173,2020,President,polls-plus,8/28/2020,Trump,Biden,,0.000125,0.00235,,427,19:00:03 28 Aug 2020,40000
172,2020,President,polls-plus,8/28/2020,Trump,Biden,,2.5e-05,0.00265,,428,19:00:03 28 Aug 2020,40000
171,2020,President,polls-plus,8/28/2020,Trump,Biden,,0.0,0.00295,,429,19:00:03 28 Aug 2020,40000
169,2020,President,polls-plus,8/28/2020,Trump,Biden,,5e-05,0.00185,,430,19:00:03 28 Aug 2020,40000
168,2020,President,polls-plus,8/28/2020,Trump,Biden,,2.5e-05,0.00235,,431,19:00:03 28 Aug 2020,40000
167,2020,President,polls-plus,8/28/2020,Trump,Biden,,7.5e-05,0.003325,,432,19:00:03 28 Aug 2020,40000
166,2020,President,polls-plus,8/28/2020,Trump,Biden,,2.5e-05,0.00145,,433,19:00:03 28 Aug 2020,40000
165,2020,President,polls-plus,8/28/2020,Trump,Biden,,7.5e-05,0.001625,,434,19:00:03 28 Aug 2020,40000
164,2020,President,polls-plus,8/28/2020,Trump,Biden,,2.5e-05,0.00475,,435,19:00:03 28 Aug 2020,40000
163,2020,President,polls-plus,8/28/2020,Trump,Biden,,2.5e-05,0.002325,,436,19:00:03 28 Aug 2020,40000
162,2020,President,polls-plus,8/28/2020,Trump,Biden,,0.000125,0.0016,,437,19:00:03 28 Aug 2020,40000
161,2020,President,polls-plus,8/28/2020,Trump,Biden,,0.0001,0.002975,,438,19:00:03 28 Aug 2020,40000
160,2020,President,polls-plus,8/28/2020,Trump,Biden,,5e-05,0.0012,,439,19:00:03 28 Aug 2020,40000
158,2020,President,polls-plus,8/28/2020,Trump,Biden,,5e-05,0.001475,,440,19:00:03 28 Aug 2020,40000
157,2020,President,polls-plus,8/28/2020,Trump,Biden,,5e-05,0.002675,,441,19:00:03 28 Aug 2020,40000
156,2020,President,polls-plus,8/28/2020,Trump,Biden,,5e-05,0.00145,,442,19:00:03 28 Aug 2020,40000
155,2020,President,polls-plus,8/28/2020,Trump,Biden,,5e-05,0.001275,,443,19:00:03 28 Aug 2020,40000
154,2020,President,polls-plus,8/28/2020,Trump,Biden,,2.5e-05,0.002425,,444,19:00:03 28 Aug 2020,40000
153,2020,President,polls-plus,8/28/2020,Trump,Biden,,2.5e-05,0.002125,,445,19:00:03 28 Aug 2020,40000
152,2020,President,polls-plus,8/28/2020,Trump,Biden,,2.5e-05,0.00165,,446,19:00:03 28 Aug 2020,40000
151,2020,President,polls-plus,8/28/2020,Trump,Biden,,5e-05,0.0015,,447,19:00:03 28 Aug 2020,40000
150,2020,President,polls-plus,8/28/2020,Trump,Biden,,0.0,0.0009,,448,19:00:03 28 Aug 2020,40000
149,2020,President,polls-plus,8/28/2020,Trump,Biden,,0.0,0.001725,,449,19:00:03 28 Aug 2020,40000
147,2020,President,polls-plus,8/28/2020,Trump,Biden,,2.5e-05,0.00205,,450,19:00:03 28 Aug 2020,40000
146,2020,President,polls-plus,8/28/2020,Trump,Biden,,0.0001,0.001175,,451,19:00:03 28 Aug 2020,40000
145,2020,President,polls-plus,8/28/2020,Trump,Biden,,2.5e-05,0.0015,,452,19:00:03 28 Aug 2020,40000
144,2020,President,polls-plus,8/28/2020,Trump,Biden,,0.0,0.001375,,453,19:00:03 28 Aug 2020,40000
143,2020,President,polls-plus,8/28/2020,Trump,Biden,,5e-05,0.00065,,454,19:00:03 28 Aug 2020,40000
142,2020,President,polls-plus,8/28/2020,Trump,Biden,,0.0,0.00195,,455,19:00:03 28 Aug 2020,40000
141,2020,President,polls-plus,8/28/2020,Trump,Biden,,2.5e-05,0.0021,,456,19:00:03 28 Aug 2020,40000
140,2020,President,polls-plus,8/28/2020,Trump,Biden,,7.5e-05,0.000975,,457,19:00:03 28 Aug 2020,40000
139,2020,President,polls-plus,8/28/2020,Trump,Biden,,2.5e-05,0.0012,,458,19:00:03 28 Aug 2020,40000
138,2020,President,polls-plus,8/28/2020,Trump,Biden,,0.0,0.00105,,459,19:00:03 28 Aug 2020,40000
136,2020,President,polls-plus,8/28/2020,Trump,Biden,,7.5e-05,0.00075,,460,19:00:03 28 Aug 2020,40000
135,2020,President,polls-plus,8/28/2020,Trump,Biden,,0.0,0.001675,,461,19:00:03 28 Aug 2020,40000
134,2020,President,polls-plus,8/28/2020,Trump,Biden,,0.0,0.00155,,462,19:00:03 28 Aug 2020,40000
133,2020,President,polls-plus,8/28/2020,Trump,Biden,,7.5e-05,0.00125,,463,19:00:03 28 Aug 2020,40000
132,2020,President,polls-plus,8/28/2020,Trump,Biden,,2.5e-05,0.0011,,464,19:00:03 28 Aug 2020,40000
131,2020,President,polls-plus,8/28/2020,Trump,Biden,,2.5e-05,0.000725,,465,19:00:03 28 Aug 2020,40000
130,2020,President,polls-plus,8/28/2020,Trump,Biden,,7.5e-05,0.000925,,466,19:00:03 28 Aug 2020,40000
129,2020,President,polls-plus,8/28/2020,Trump,Biden,,0.0,0.000925,,467,19:00:03 28 Aug 2020,40000
128,2020,President,polls-plus,8/28/2020,Trump,Biden,,5e-05,0.0011,,468,19:00:03 28 Aug 2020,40000
127,2020,President,polls-plus,8/28/2020,Trump,Biden,,2.5e-05,0.00095,,469,19:00:03 28 Aug 2020,40000
125,2020,President,polls-plus,8/28/2020,Trump,Biden,,2.5e-05,0.000925,,470,19:00:03 28 Aug 2020,40000
124,2020,President,polls-plus,8/28/2020,Trump,Biden,,0.0,0.000825,,471,19:00:03 28 Aug 2020,40000
123,2020,President,polls-plus,8/28/2020,Trump,Biden,,2.5e-05,0.001225,,472,19:00:03 28 Aug 2020,40000
122,2020,President,polls-plus,8/28/2020,Trump,Biden,,7.5e-05,0.000875,,473,19:00:03 28 Aug 2020,40000
121,2020,President,polls-plus,8/28/2020,Trump,Biden,,0.0,0.0007,,474,19:00:03 28 Aug 2020,40000
120,2020,President,polls-plus,8/28/2020,Trump,Biden,,2.5e-05,0.001125,,475,19:00:03 28 Aug 2020,40000
119,2020,President,polls-plus,8/28/2020,Trump,Biden,,0.0,0.001125,,476,19:00:03 28 Aug 2020,40000
118,2020,President,polls-plus,8/28/2020,Trump,Biden,,0.0,0.000725,,477,19:00:03 28 Aug 2020,40000
117,2020,President,polls-plus,8/28/2020,Trump,Biden,,2.5e-05,0.000825,,478,19:00:03 28 Aug 2020,40000
116,2020,President,polls-plus,8/28/2020,Trump,Biden,,7.5e-05,0.0008,,479,19:00:03 28 Aug 2020,40000
114,2020,President,polls-plus,8/28/2020,Trump,Biden,,2.5e-05,0.000725,,480,19:00:03 28 Aug 2020,40000
113,2020,President,polls-plus,8/28/2020,Trump,Biden,,0.0,0.000875,,481,19:00:03 28 Aug 2020,40000
112,2020,President,polls-plus,8/28/2020,Trump,Biden,,0.0,0.000675,,482,19:00:03 28 Aug 2020,40000
111,2020,President,polls-plus,8/28/2020,Trump,Biden,,0.0,0.000675,,483,19:00:03 28 Aug 2020,40000
110,2020,President,polls-plus,8/28/2020,Trump,Biden,,0.0,0.00115,,484,19:00:03 28 Aug 2020,40000
109,2020,President,polls-plus,8/28/2020,Trump,Biden,,0.0,0.000325,,485,19:00:03 28 Aug 2020,40000
108,2020,President,polls-plus,8/28/2020,Trump,Biden,,0.0,0.0009,,486,19:00:03 28 Aug 2020,40000
107,2020,President,polls-plus,8/28/2020,Trump,Biden,,0.0,0.000925,,487,19:00:03 28 Aug 2020,40000
106,2020,President,polls-plus,8/28/2020,Trump,Biden,,2.5e-05,0.0003,,488,19:00:03 28 Aug 2020,40000
105,2020,President,polls-plus,8/28/2020,Trump,Biden,,0.0,0.00065,,489,19:00:03 28 Aug 2020,40000
103,2020,President,polls-plus,8/28/2020,Trump,Biden,,0.0,0.000725,,490,19:00:03 28 Aug 2020,40000
102,2020,President,polls-plus,8/28/2020,Trump,Biden,,0.0,0.0004,,491,19:00:03 28 Aug 2020,40000
101,2020,President,polls-plus,8/28/2020,Trump,Biden,,0.0,0.001275,,492,19:00:03 28 Aug 2020,40000
100,2020,President,polls-plus,8/28/2020,Trump,Biden,,0.0,0.000675,,493,19:00:03 28 Aug 2020,40000
99,2020,President,polls-plus,8/28/2020,Trump,Biden,,0.0,0.0003,,494,19:00:03 28 Aug 2020,40000
98,2020,President,polls-plus,8/28/2020,Trump,Biden,,0.0,0.000875,,495,19:00:03 28 Aug 2020,40000
97,2020,President,polls-plus,8/28/2020,Trump,Biden,,0.0,0.00055,,496,19:00:03 28 Aug 2020,40000
96,2020,President,polls-plus,8/28/2020,Trump,Biden,,2.5e-05,0.0003,,497,19:00:03 28 Aug 2020,40000
95,2020,President,polls-plus,8/28/2020,Trump,Biden,,0.0,0.000425,,498,19:00:03 28 Aug 2020,40000
94,2020,President,polls-plus,8/28/2020,Trump,Biden,,0.0,0.00035,,499,19:00:03 28 Aug 2020,40000
91,2020,President,polls-plus,8/28/2020,Trump,Biden,,0.0,0.00045,,500,19:00:03 28 Aug 2020,40000
90,2020,President,polls-plus,8/28/2020,Trump,Biden,,0.0,0.000725,,501,19:00:03 28 Aug 2020,40000
89,2020,President,polls-plus,8/28/2020,Trump,Biden,,5e-05,0.0002,,502,19:00:03 28 Aug 2020,40000
88,2020,President,polls-plus,8/28/2020,Trump,Biden,,0.0,0.00065,,503,19:00:03 28 Aug 2020,40000
87,2020,President,polls-plus,8/28/2020,Trump,Biden,,0.0,0.0004,,504,19:00:03 28 Aug 2020,40000
86,2020,President,polls-plus,8/28/2020,Trump,Biden,,0.0,0.000225,,505,19:00:03 28 Aug 2020,40000
85,2020,President,polls-plus,8/28/2020,Trump,Biden,,2.5e-05,0.000825,,506,19:00:03 28 Aug 2020,40000
84,2020,President,polls-plus,8/28/2020,Trump,Biden,,2.5e-05,0.0003,,507,19:00:03 28 Aug 2020,40000
83,2020,President,polls-plus,8/28/2020,Trump,Biden,,2.5e-05,0.00015,,508,19:00:03 28 Aug 2020,40000
82,2020,President,polls-plus,8/28/2020,Trump,Biden,,0.0,0.0008,,509,19:00:03 28 Aug 2020,40000
80,2020,President,polls-plus,8/28/2020,Trump,Biden,,0.0,0.00025,,510,19:00:03 28 Aug 2020,40000
79,2020,President,polls-plus,8/28/2020,Trump,Biden,,5e-05,0.0002,,511,19:00:03 28 Aug 2020,40000
78,2020,President,polls-plus,8/28/2020,Trump,Biden,,0.0,0.0004,,512,19:00:03 28 Aug 2020,40000
77,2020,President,polls-plus,8/28/2020,Trump,Biden,,0.0,0.00045,,513,19:00:03 28 Aug 2020,40000
76,2020,President,polls-plus,8/28/2020,Trump,Biden,,0.0,0.0002,,514,19:00:03 28 Aug 2020,40000
75,2020,President,polls-plus,8/28/2020,Trump,Biden,,0.0,0.000275,,515,19:00:03 28 Aug 2020,40000
74,2020,President,polls-plus,8/28/2020,Trump,Biden,,2.5e-05,0.000175,,516,19:00:03 28 Aug 2020,40000
73,2020,President,polls-plus,8/28/2020,Trump,Biden,,0.0,0.0001,,517,19:00:03 28 Aug 2020,40000
72,2020,President,polls-plus,8/28/2020,Trump,Biden,,2.5e-05,0.0006,,518,19:00:03 28 Aug 2020,40000
71,2020,President,polls-plus,8/28/2020,Trump,Biden,,0.0,0.000275,,519,19:00:03 28 Aug 2020,40000
69,2020,President,polls-plus,8/28/2020,Trump,Biden,,2.5e-05,0.00015,,520,19:00:03 28 Aug 2020,40000
68,2020,President,polls-plus,8/28/2020,Trump,Biden,,0.0,0.00015,,521,19:00:03 28 Aug 2020,40000
67,2020,President,polls-plus,8/28/2020,Trump,Biden,,0.0,0.0004,,522,19:00:03 28 Aug 2020,40000
66,2020,President,polls-plus,8/28/2020,Trump,Biden,,0.0,0.0002,,523,19:00:03 28 Aug 2020,40000
65,2020,President,polls-plus,8/28/2020,Trump,Biden,,0.0,7.5e-05,,524,19:00:03 28 Aug 2020,40000
64,2020,President,polls-plus,8/28/2020,Trump,Biden,,0.0,0.000225,,525,19:00:03 28 Aug 2020,40000
63,2020,President,polls-plus,8/28/2020,Trump,Biden,,0.0,2.5e-05,,526,19:00:03 28 Aug 2020,40000
62,2020,President,polls-plus,8/28/2020,Trump,Biden,,0.0,0.0002,,527,19:00:03 28 Aug 2020,40000
61,2020,President,polls-plus,8/28/2020,Trump,Biden,,0.0,0.0001,,528,19:00:03 28 Aug 2020,40000
60,2020,President,polls-plus,8/28/2020,Trump,Biden,,2.5e-05,0.00025,,529,19:00:03 28 Aug 2020,40000
58,2020,President,polls-plus,8/28/2020,Trump,Biden,,0.0,0.00025,,530,19:00:03 28 Aug 2020,40000
57,2020,President,polls-plus,8/28/2020,Trump,Biden,,0.0,0.0,,531,19:00:03 28 Aug 2020,40000
56,2020,President,polls-plus,8/28/2020,Trump,Biden,,0.0,7.5e-05,,532,19:00:03 28 Aug 2020,40000
55,2020,President,polls-plus,8/28/2020,Trump,Biden,,0.0,0.0001,,533,19:00:03 28 Aug 2020,40000
54,2020,President,polls-plus,8/28/2020,Trump,Biden,,0.0,0.000525,,534,19:00:03 28 Aug 2020,40000
53,2020,President,polls-plus,8/28/2020,Trump,Biden,,5e-05,0.0001,,535,19:00:03 28 Aug 2020,40000
52,2020,President,polls-plus,8/28/2020,Trump,Biden,,0.0,0.0,,536,19:00:03 28 Aug 2020,40000
51,2020,President,polls-plus,8/28/2020,Trump,Biden,,0.0,0.0001,,537,19:00:03 28 Aug 2020,40000
50,2020,President,polls-plus,8/28/2020,Trump,Biden,,0.0,5e-05,,538,19:00:03 28 Aug 2020,40000
